--------------------------------------------------------
--  File created - Wednesday-December-15-2021   
--------------------------------------------------------
-- DROP TABLE "MORDI"."ALLOTTED" cascade constraints;
-- DROP TABLE "MORDI"."COURSES" cascade constraints;
-- DROP TABLE "MORDI"."DEPARTMENTS" cascade constraints;
-- DROP TABLE "MORDI"."ENROLLED_IN" cascade constraints;
-- DROP TABLE "MORDI"."INSTRUCTORS" cascade constraints;
-- DROP TABLE "MORDI"."SECTIONS" cascade constraints;
-- DROP TABLE "MORDI"."SEMESTER" cascade constraints;
-- DROP TABLE "MORDI"."STUDENT" cascade constraints;
-- DROP TABLE "MORDI"."TAKES" cascade constraints;
-- DROP TABLE "MORDI"."TEACHES" cascade constraints;
--------------------------------------------------------
--  DDL for Sequence COURSES_SEQUENCE
--------------------------------------------------------

   CREATE SEQUENCE  "MORDI"."COURSES_SEQUENCE"  MINVALUE 1 MAXVALUE 99999 INCREMENT BY 1 START WITH 10020 CACHE 20 NOORDER  NOCYCLE ;
--------------------------------------------------------
--  DDL for Sequence INSTRUCTOR_SEQUENCE
--------------------------------------------------------

   CREATE SEQUENCE  "MORDI"."INSTRUCTOR_SEQUENCE"  MINVALUE 1 MAXVALUE 999 INCREMENT BY 1 START WITH 120 CACHE 20 NOORDER  NOCYCLE ;
--------------------------------------------------------
--  DDL for Sequence SEMESTER_SEMESTER_ID_SEQ
--------------------------------------------------------

   CREATE SEQUENCE  "MORDI"."SEMESTER_SEMESTER_ID_SEQ"  MINVALUE 1 MAXVALUE 9999999999999999999999999999 INCREMENT BY 1 START WITH 1 NOCACHE  ORDER  NOCYCLE ;
--------------------------------------------------------
--  DDL for Sequence SEMESTER_SEQUENCE
--------------------------------------------------------

   CREATE SEQUENCE  "MORDI"."SEMESTER_SEQUENCE"  MINVALUE 1 MAXVALUE 99 INCREMENT BY 1 START WITH 21 CACHE 20 NOORDER  NOCYCLE ;
--------------------------------------------------------
--  DDL for Sequence STUDENT_SEQUENCE
--------------------------------------------------------

   CREATE SEQUENCE  "MORDI"."STUDENT_SEQUENCE"  MINVALUE 1 MAXVALUE 9999 INCREMENT BY 1 START WITH 1020 CACHE 20 NOORDER  NOCYCLE ;
--------------------------------------------------------
--  DDL for Table ALLOTTED
--------------------------------------------------------

  CREATE TABLE "MORDI"."ALLOTTED" 
   (	"STUDENT_ID" NUMBER(*,0), 
	"SECTIONS_ID" VARCHAR2(1 CHAR), 
	"COURSES_ID" NUMBER(38,0)
   ) SEGMENT CREATION IMMEDIATE 
  PCTFREE 10 PCTUSED 40 INITRANS 1 MAXTRANS 255 NOCOMPRESS LOGGING
  STORAGE(INITIAL 65536 NEXT 1048576 MINEXTENTS 1 MAXEXTENTS 2147483645
  PCTINCREASE 0 FREELISTS 1 FREELIST GROUPS 1 BUFFER_POOL DEFAULT FLASH_CACHE DEFAULT CELL_FLASH_CACHE DEFAULT)
  TABLESPACE "SYSTEM" ;
--------------------------------------------------------
--  DDL for Table COURSES
--------------------------------------------------------

  CREATE TABLE "MORDI"."COURSES" 
   (	"ID" NUMBER(*,0), 
	"CREDIT_HOURS" NUMBER(*,0), 
	"NAME" VARCHAR2(30 CHAR), 
	"DEPARTMENTS_D_CODE" VARCHAR2(2 CHAR), 
	"SEMESTER_SEMESTER_ID" NUMBER
   ) SEGMENT CREATION IMMEDIATE 
  PCTFREE 10 PCTUSED 40 INITRANS 1 MAXTRANS 255 NOCOMPRESS LOGGING
  STORAGE(INITIAL 65536 NEXT 1048576 MINEXTENTS 1 MAXEXTENTS 2147483645
  PCTINCREASE 0 FREELISTS 1 FREELIST GROUPS 1 BUFFER_POOL DEFAULT FLASH_CACHE DEFAULT CELL_FLASH_CACHE DEFAULT)
  TABLESPACE "SYSTEM" ;
--------------------------------------------------------
--  DDL for Table DEPARTMENTS
--------------------------------------------------------

  CREATE TABLE "MORDI"."DEPARTMENTS" 
   (	"D_NAME" VARCHAR2(20 CHAR), 
	"D_CODE" VARCHAR2(2 CHAR), 
	"D_PHONE" NUMBER(*,0), 
	"INSTRUCTORS_INS_ID" NUMBER(*,0), 
	"START_DATE" DATE
   ) SEGMENT CREATION IMMEDIATE 
  PCTFREE 10 PCTUSED 40 INITRANS 1 MAXTRANS 255 NOCOMPRESS LOGGING
  STORAGE(INITIAL 65536 NEXT 1048576 MINEXTENTS 1 MAXEXTENTS 2147483645
  PCTINCREASE 0 FREELISTS 1 FREELIST GROUPS 1 BUFFER_POOL DEFAULT FLASH_CACHE DEFAULT CELL_FLASH_CACHE DEFAULT)
  TABLESPACE "SYSTEM" ;
--------------------------------------------------------
--  DDL for Table ENROLLED_IN
--------------------------------------------------------

  CREATE TABLE "MORDI"."ENROLLED_IN" 
   (	"STUDENT_ID" NUMBER(*,0), 
	"SEMESTER_SEMESTER_ID" NUMBER, 
	"SGPA" FLOAT(2), 
	"CRED_HRS" NUMBER(*,0)
   ) SEGMENT CREATION IMMEDIATE 
  PCTFREE 10 PCTUSED 40 INITRANS 1 MAXTRANS 255 NOCOMPRESS LOGGING
  STORAGE(INITIAL 65536 NEXT 1048576 MINEXTENTS 1 MAXEXTENTS 2147483645
  PCTINCREASE 0 FREELISTS 1 FREELIST GROUPS 1 BUFFER_POOL DEFAULT FLASH_CACHE DEFAULT CELL_FLASH_CACHE DEFAULT)
  TABLESPACE "SYSTEM" ;
--------------------------------------------------------
--  DDL for Table INSTRUCTORS
--------------------------------------------------------

  CREATE TABLE "MORDI"."INSTRUCTORS" 
   (	"NAME" VARCHAR2(25 CHAR), 
	"INS_ID" NUMBER(*,0), 
	"START_DATE" DATE, 
	"SALARY" NUMBER(*,0), 
	"ADDRESS" VARCHAR2(200 CHAR), 
	"EMAIL" VARCHAR2(30 CHAR), 
	"DEPARTMENTS_D_CODE" VARCHAR2(2 CHAR), 
	"DESIGNATION" VARCHAR2(8 CHAR)
   ) SEGMENT CREATION IMMEDIATE 
  PCTFREE 10 PCTUSED 40 INITRANS 1 MAXTRANS 255 NOCOMPRESS LOGGING
  STORAGE(INITIAL 65536 NEXT 1048576 MINEXTENTS 1 MAXEXTENTS 2147483645
  PCTINCREASE 0 FREELISTS 1 FREELIST GROUPS 1 BUFFER_POOL DEFAULT FLASH_CACHE DEFAULT CELL_FLASH_CACHE DEFAULT)
  TABLESPACE "SYSTEM" ;
--------------------------------------------------------
--  DDL for Table SECTIONS
--------------------------------------------------------

  CREATE TABLE "MORDI"."SECTIONS" 
   (	"ID" VARCHAR2(1 CHAR), 
	"CR_NAME" VARCHAR2(30 CHAR), 
	"COURSES_ID" NUMBER(*,0)
   ) SEGMENT CREATION IMMEDIATE 
  PCTFREE 10 PCTUSED 40 INITRANS 1 MAXTRANS 255 NOCOMPRESS LOGGING
  STORAGE(INITIAL 65536 NEXT 1048576 MINEXTENTS 1 MAXEXTENTS 2147483645
  PCTINCREASE 0 FREELISTS 1 FREELIST GROUPS 1 BUFFER_POOL DEFAULT FLASH_CACHE DEFAULT CELL_FLASH_CACHE DEFAULT)
  TABLESPACE "SYSTEM" ;
--------------------------------------------------------
--  DDL for Table SEMESTER
--------------------------------------------------------

  CREATE TABLE "MORDI"."SEMESTER" 
   (	"DURATION" NUMBER(*,0), 
	"NAME" VARCHAR2(20 CHAR), 
	"START_DATE" DATE, 
	"SEMESTER_ID" NUMBER
   ) SEGMENT CREATION IMMEDIATE 
  PCTFREE 10 PCTUSED 40 INITRANS 1 MAXTRANS 255 NOCOMPRESS LOGGING
  STORAGE(INITIAL 65536 NEXT 1048576 MINEXTENTS 1 MAXEXTENTS 2147483645
  PCTINCREASE 0 FREELISTS 1 FREELIST GROUPS 1 BUFFER_POOL DEFAULT FLASH_CACHE DEFAULT CELL_FLASH_CACHE DEFAULT)
  TABLESPACE "SYSTEM" ;
--------------------------------------------------------
--  DDL for Table STUDENT
--------------------------------------------------------

  CREATE TABLE "MORDI"."STUDENT" 
   (	"NAME" VARCHAR2(30 CHAR), 
	"BATCH" NUMBER(*,0), 
	"ID" NUMBER(*,0), 
	"ADDRESS" VARCHAR2(200 CHAR), 
	"EMAIL" VARCHAR2(30 CHAR), 
	"INSTRUCTORS_INS_ID" NUMBER(*,0), 
	"PAY" NUMBER(*,0)
   ) SEGMENT CREATION IMMEDIATE 
  PCTFREE 10 PCTUSED 40 INITRANS 1 MAXTRANS 255 NOCOMPRESS LOGGING
  STORAGE(INITIAL 65536 NEXT 1048576 MINEXTENTS 1 MAXEXTENTS 2147483645
  PCTINCREASE 0 FREELISTS 1 FREELIST GROUPS 1 BUFFER_POOL DEFAULT FLASH_CACHE DEFAULT CELL_FLASH_CACHE DEFAULT)
  TABLESPACE "SYSTEM" ;
--------------------------------------------------------
--  DDL for Table TAKES
--------------------------------------------------------

  CREATE TABLE "MORDI"."TAKES" 
   (	"STUDENT_ID" NUMBER(*,0), 
	"COURSES_ID" NUMBER(*,0), 
	"GPA" FLOAT(2), 
	"MID1" FLOAT(2), 
	"MID2" FLOAT(2), 
	"FINAL" FLOAT(2), 
	"ASS_QUIZZ" FLOAT(2), 
	"SECTIONS_ID" VARCHAR2(1 BYTE)
   ) SEGMENT CREATION IMMEDIATE 
  PCTFREE 10 PCTUSED 40 INITRANS 1 MAXTRANS 255 NOCOMPRESS LOGGING
  STORAGE(INITIAL 65536 NEXT 1048576 MINEXTENTS 1 MAXEXTENTS 2147483645
  PCTINCREASE 0 FREELISTS 1 FREELIST GROUPS 1 BUFFER_POOL DEFAULT FLASH_CACHE DEFAULT CELL_FLASH_CACHE DEFAULT)
  TABLESPACE "SYSTEM" ;
--------------------------------------------------------
--  DDL for Table TEACHES
--------------------------------------------------------

  CREATE TABLE "MORDI"."TEACHES" 
   (	"INSTRUCTORS_INS_ID" NUMBER(*,0), 
	"COURSES_ID" NUMBER(*,0), 
	"SECTION_ID" VARCHAR2(1 BYTE)
   ) SEGMENT CREATION IMMEDIATE 
  PCTFREE 10 PCTUSED 40 INITRANS 1 MAXTRANS 255 NOCOMPRESS LOGGING
  STORAGE(INITIAL 65536 NEXT 1048576 MINEXTENTS 1 MAXEXTENTS 2147483645
  PCTINCREASE 0 FREELISTS 1 FREELIST GROUPS 1 BUFFER_POOL DEFAULT FLASH_CACHE DEFAULT CELL_FLASH_CACHE DEFAULT)
  TABLESPACE "SYSTEM" ;
REM INSERTING into MORDI.ALLOTTED
SET DEFINE OFF;
REM INSERTING into MORDI.COURSES
SET DEFINE OFF;
Insert into MORDI.COURSES (ID,CREDIT_HOURS,NAME,DEPARTMENTS_D_CODE,SEMESTER_SEMESTER_ID) values (17759,3,'Programming 101','CS',1000000);
Insert into MORDI.COURSES (ID,CREDIT_HOURS,NAME,DEPARTMENTS_D_CODE,SEMESTER_SEMESTER_ID) values (71835,3,'Applied Physics','EE',1000000);
Insert into MORDI.COURSES (ID,CREDIT_HOURS,NAME,DEPARTMENTS_D_CODE,SEMESTER_SEMESTER_ID) values (95359,3,'Calculus 1','MT',1000000);
Insert into MORDI.COURSES (ID,CREDIT_HOURS,NAME,DEPARTMENTS_D_CODE,SEMESTER_SEMESTER_ID) values (56324,3,'Basic English','EN',1000000);
Insert into MORDI.COURSES (ID,CREDIT_HOURS,NAME,DEPARTMENTS_D_CODE,SEMESTER_SEMESTER_ID) values (10000,3,'Assembly Lmaguage','CS',1000000);
Insert into MORDI.COURSES (ID,CREDIT_HOURS,NAME,DEPARTMENTS_D_CODE,SEMESTER_SEMESTER_ID) values (10001,3,'Prob','MT',8);
REM INSERTING into MORDI.DEPARTMENTS
SET DEFINE OFF;
Insert into MORDI.DEPARTMENTS (D_NAME,D_CODE,D_PHONE,INSTRUCTORS_INS_ID,START_DATE) values ('Computer Science','CS',4545,100,to_date('03-AUG-10','DD-MON-RR'));
Insert into MORDI.DEPARTMENTS (D_NAME,D_CODE,D_PHONE,INSTRUCTORS_INS_ID,START_DATE) values ('Electrical Eng','EE',671217345,null,null);
Insert into MORDI.DEPARTMENTS (D_NAME,D_CODE,D_PHONE,INSTRUCTORS_INS_ID,START_DATE) values ('Maths','MT',539506213,null,null);
Insert into MORDI.DEPARTMENTS (D_NAME,D_CODE,D_PHONE,INSTRUCTORS_INS_ID,START_DATE) values ('Social Sciences','SS',337756222,null,null);
Insert into MORDI.DEPARTMENTS (D_NAME,D_CODE,D_PHONE,INSTRUCTORS_INS_ID,START_DATE) values ('English','EN',244906351,null,null);
REM INSERTING into MORDI.ENROLLED_IN
SET DEFINE OFF;
REM INSERTING into MORDI.INSTRUCTORS
SET DEFINE OFF;
Insert into MORDI.INSTRUCTORS (NAME,INS_ID,START_DATE,SALARY,ADDRESS,EMAIL,DEPARTMENTS_D_CODE,DESIGNATION) values ('Riyadh',100,to_date('03-AUG-97','DD-MON-RR'),45000,'Korangi','Someone@gmail.com','CS','Head');
Insert into MORDI.INSTRUCTORS (NAME,INS_ID,START_DATE,SALARY,ADDRESS,EMAIL,DEPARTMENTS_D_CODE,DESIGNATION) values ('Maryjane Krause',827,to_date('12-JAN-10','DD-MON-RR'),85457,'Abbeville','Mary@gmail.com',null,null);
Insert into MORDI.INSTRUCTORS (NAME,INS_ID,START_DATE,SALARY,ADDRESS,EMAIL,DEPARTMENTS_D_CODE,DESIGNATION) values ('Lana Freeman',784,to_date('12-JAN-10','DD-MON-RR'),74391,'Abbotsford','LanaF@gmail.com',null,null);
Insert into MORDI.INSTRUCTORS (NAME,INS_ID,START_DATE,SALARY,ADDRESS,EMAIL,DEPARTMENTS_D_CODE,DESIGNATION) values ('Leyla Poole',882,to_date('12-JAN-10','DD-MON-RR'),96893,'Aberdeen','Leyla@gmail.com',null,null);
Insert into MORDI.INSTRUCTORS (NAME,INS_ID,START_DATE,SALARY,ADDRESS,EMAIL,DEPARTMENTS_D_CODE,DESIGNATION) values ('Myles Park',320,to_date('12-JAN-10','DD-MON-RR'),84733,'Abilene','MylesPark@gmail.com',null,null);
Insert into MORDI.INSTRUCTORS (NAME,INS_ID,START_DATE,SALARY,ADDRESS,EMAIL,DEPARTMENTS_D_CODE,DESIGNATION) values ('Ryan Key',682,to_date('12-JAN-10','DD-MON-RR'),91536,'Abingdon','RyanKey@gmail.com',null,null);
Insert into MORDI.INSTRUCTORS (NAME,INS_ID,START_DATE,SALARY,ADDRESS,EMAIL,DEPARTMENTS_D_CODE,DESIGNATION) values ('Trystan Jensen',551,to_date('12-JAN-10','DD-MON-RR'),84023,'Abington','Trystan@gmail.com',null,null);
Insert into MORDI.INSTRUCTORS (NAME,INS_ID,START_DATE,SALARY,ADDRESS,EMAIL,DEPARTMENTS_D_CODE,DESIGNATION) values ('Miranda Joseph',322,to_date('12-JAN-10','DD-MON-RR'),78884,'Absecon','Mirand@gmail.com',null,null);
Insert into MORDI.INSTRUCTORS (NAME,INS_ID,START_DATE,SALARY,ADDRESS,EMAIL,DEPARTMENTS_D_CODE,DESIGNATION) values ('Lorelei Washington',982,to_date('12-JAN-10','DD-MON-RR'),92696,'Acampo','Lorelei@gmail.com',null,null);
Insert into MORDI.INSTRUCTORS (NAME,INS_ID,START_DATE,SALARY,ADDRESS,EMAIL,DEPARTMENTS_D_CODE,DESIGNATION) values ('Anabelle Jenkins',508,to_date('12-JAN-10','DD-MON-RR'),90857,'Accokeek','Anabell@gmail.com',null,null);
Insert into MORDI.INSTRUCTORS (NAME,INS_ID,START_DATE,SALARY,ADDRESS,EMAIL,DEPARTMENTS_D_CODE,DESIGNATION) values ('Arielle Cobb',566,to_date('12-JAN-10','DD-MON-RR'),65419,'Achille','Arielle@gmail.com',null,null);
Insert into MORDI.INSTRUCTORS (NAME,INS_ID,START_DATE,SALARY,ADDRESS,EMAIL,DEPARTMENTS_D_CODE,DESIGNATION) values ('Romeo Case',531,to_date('12-JAN-10','DD-MON-RR'),87011,'Acme','RomeoCase@gmail.com',null,null);
Insert into MORDI.INSTRUCTORS (NAME,INS_ID,START_DATE,SALARY,ADDRESS,EMAIL,DEPARTMENTS_D_CODE,DESIGNATION) values ('Case Mcclain',751,to_date('12-JAN-10','DD-MON-RR'),77588,'Acton','CaseMcclai@gmail.com',null,null);
Insert into MORDI.INSTRUCTORS (NAME,INS_ID,START_DATE,SALARY,ADDRESS,EMAIL,DEPARTMENTS_D_CODE,DESIGNATION) values ('Shannon Cantu',601,to_date('12-JAN-10','DD-MON-RR'),60749,'Acushnet','Shanno@gmail.com',null,null);
Insert into MORDI.INSTRUCTORS (NAME,INS_ID,START_DATE,SALARY,ADDRESS,EMAIL,DEPARTMENTS_D_CODE,DESIGNATION) values ('Alonzo Johnston',743,to_date('12-JAN-10','DD-MON-RR'),81871,'Acworth','AlonzoJ@gmail.com',null,null);
Insert into MORDI.INSTRUCTORS (NAME,INS_ID,START_DATE,SALARY,ADDRESS,EMAIL,DEPARTMENTS_D_CODE,DESIGNATION) values ('Lewis Sampson',109,to_date('12-JAN-10','DD-MON-RR'),92047,'Ada','LewisS@gmail.com',null,null);
Insert into MORDI.INSTRUCTORS (NAME,INS_ID,START_DATE,SALARY,ADDRESS,EMAIL,DEPARTMENTS_D_CODE,DESIGNATION) values ('Aydan Travis',122,to_date('12-JAN-10','DD-MON-RR'),78544,'Adair','AydanT@gmail.com',null,null);
Insert into MORDI.INSTRUCTORS (NAME,INS_ID,START_DATE,SALARY,ADDRESS,EMAIL,DEPARTMENTS_D_CODE,DESIGNATION) values ('Izayah Holloway',480,to_date('12-JAN-10','DD-MON-RR'),69715,'Adairsville','Izay@gmail.com',null,null);
Insert into MORDI.INSTRUCTORS (NAME,INS_ID,START_DATE,SALARY,ADDRESS,EMAIL,DEPARTMENTS_D_CODE,DESIGNATION) values ('Miranda Esparza',889,to_date('12-JAN-10','DD-MON-RR'),86637,'Adams','Miraa@gmail.com',null,null);
Insert into MORDI.INSTRUCTORS (NAME,INS_ID,START_DATE,SALARY,ADDRESS,EMAIL,DEPARTMENTS_D_CODE,DESIGNATION) values ('Nathaniel Le',791,to_date('12-JAN-10','DD-MON-RR'),98893,'Adams Run','Nath@gmail.com',null,null);
Insert into MORDI.INSTRUCTORS (NAME,INS_ID,START_DATE,SALARY,ADDRESS,EMAIL,DEPARTMENTS_D_CODE,DESIGNATION) values ('Wayne Glass',838,to_date('12-JAN-10','DD-MON-RR'),84145,'Adamstown','WayneGlas@gmail.com',null,null);
Insert into MORDI.INSTRUCTORS (NAME,INS_ID,START_DATE,SALARY,ADDRESS,EMAIL,DEPARTMENTS_D_CODE,DESIGNATION) values ('John G',101,to_date('12-JAN-10','DD-MON-RR'),43000,'New york','John@gmail.com',null,null);
REM INSERTING into MORDI.SECTIONS
SET DEFINE OFF;
Insert into MORDI.SECTIONS (ID,CR_NAME,COURSES_ID) values ('A',null,17759);
Insert into MORDI.SECTIONS (ID,CR_NAME,COURSES_ID) values ('B',null,17759);
Insert into MORDI.SECTIONS (ID,CR_NAME,COURSES_ID) values ('A',null,71835);
Insert into MORDI.SECTIONS (ID,CR_NAME,COURSES_ID) values ('A',null,95359);
REM INSERTING into MORDI.SEMESTER
SET DEFINE OFF;
Insert into MORDI.SEMESTER (DURATION,NAME,START_DATE,SEMESTER_ID) values (6,'Fall 2019',to_date('29-SEP-19','DD-MON-RR'),1000000);
Insert into MORDI.SEMESTER (DURATION,NAME,START_DATE,SEMESTER_ID) values (6,'Spring 2020',to_date('12-JAN-20','DD-MON-RR'),1);
Insert into MORDI.SEMESTER (DURATION,NAME,START_DATE,SEMESTER_ID) values (6,'Spring 2077',to_date('27-MAY-77','DD-MON-RR'),8);
Insert into MORDI.SEMESTER (DURATION,NAME,START_DATE,SEMESTER_ID) values (6,'Spring 2077',to_date('27-MAY-77','DD-MON-RR'),9);
Insert into MORDI.SEMESTER (DURATION,NAME,START_DATE,SEMESTER_ID) values (6,'Fall 2054',to_date('24-AUG-54','DD-MON-RR'),12);
REM INSERTING into MORDI.STUDENT
SET DEFINE OFF;
Insert into MORDI.STUDENT (NAME,BATCH,ID,ADDRESS,EMAIL,INSTRUCTORS_INS_ID,PAY) values ('Liam',2016,8972,'Abbeville','Liam@gmail.com',null,null);
Insert into MORDI.STUDENT (NAME,BATCH,ID,ADDRESS,EMAIL,INSTRUCTORS_INS_ID,PAY) values ('Olivia',2017,9155,'Abbotsford','Olivia@gmail.com',null,null);
Insert into MORDI.STUDENT (NAME,BATCH,ID,ADDRESS,EMAIL,INSTRUCTORS_INS_ID,PAY) values ('Noah',2014,8159,'Aberdeen','Noah@gmail.com',null,null);
Insert into MORDI.STUDENT (NAME,BATCH,ID,ADDRESS,EMAIL,INSTRUCTORS_INS_ID,PAY) values ('Emma',2014,9506,'Abilene','Emma@gmail.com',null,null);
Insert into MORDI.STUDENT (NAME,BATCH,ID,ADDRESS,EMAIL,INSTRUCTORS_INS_ID,PAY) values ('Oliver',2020,7740,'Abingdon','Oliver@gmail.com',null,null);
Insert into MORDI.STUDENT (NAME,BATCH,ID,ADDRESS,EMAIL,INSTRUCTORS_INS_ID,PAY) values ('Ava',2016,5993,'Abington','Ava@gmail.com',null,null);
Insert into MORDI.STUDENT (NAME,BATCH,ID,ADDRESS,EMAIL,INSTRUCTORS_INS_ID,PAY) values ('William',2016,4772,'Absecon','William@gmail.com',null,null);
Insert into MORDI.STUDENT (NAME,BATCH,ID,ADDRESS,EMAIL,INSTRUCTORS_INS_ID,PAY) values ('Sophia',2016,4870,'Acampo','Sophia@gmail.com',null,null);
Insert into MORDI.STUDENT (NAME,BATCH,ID,ADDRESS,EMAIL,INSTRUCTORS_INS_ID,PAY) values ('Elijah',2016,6091,'Accokeek','Elijah@gmail.com',null,null);
Insert into MORDI.STUDENT (NAME,BATCH,ID,ADDRESS,EMAIL,INSTRUCTORS_INS_ID,PAY) values ('Isabella',2014,9412,'Achille','Isabella@gmail.com',null,null);
Insert into MORDI.STUDENT (NAME,BATCH,ID,ADDRESS,EMAIL,INSTRUCTORS_INS_ID,PAY) values ('James',2017,9998,'Acme','James@gmail.com',null,null);
Insert into MORDI.STUDENT (NAME,BATCH,ID,ADDRESS,EMAIL,INSTRUCTORS_INS_ID,PAY) values ('Charlotte',2018,2467,'Acton','Charlotte@gmail.com',null,null);
Insert into MORDI.STUDENT (NAME,BATCH,ID,ADDRESS,EMAIL,INSTRUCTORS_INS_ID,PAY) values ('Benjamin',2015,6853,'Acushnet','Benjamin@gmail.com',null,null);
Insert into MORDI.STUDENT (NAME,BATCH,ID,ADDRESS,EMAIL,INSTRUCTORS_INS_ID,PAY) values ('Amelia',2019,6612,'Acworth','Amelia@gmail.com',null,null);
Insert into MORDI.STUDENT (NAME,BATCH,ID,ADDRESS,EMAIL,INSTRUCTORS_INS_ID,PAY) values ('Lucas',2016,6924,'Ada','Lucas@gmail.com',null,null);
Insert into MORDI.STUDENT (NAME,BATCH,ID,ADDRESS,EMAIL,INSTRUCTORS_INS_ID,PAY) values ('Mia',2018,3791,'Adair','Mia@gmail.com',null,null);
Insert into MORDI.STUDENT (NAME,BATCH,ID,ADDRESS,EMAIL,INSTRUCTORS_INS_ID,PAY) values ('Mason',2015,7929,'Adairsville','Mason@gmail.com',null,null);
Insert into MORDI.STUDENT (NAME,BATCH,ID,ADDRESS,EMAIL,INSTRUCTORS_INS_ID,PAY) values ('Harper',2017,1551,'Adams','Harper@gmail.com',null,null);
Insert into MORDI.STUDENT (NAME,BATCH,ID,ADDRESS,EMAIL,INSTRUCTORS_INS_ID,PAY) values ('Ethan',2018,7043,'Adams Run','Ethan@gmail.com',null,null);
Insert into MORDI.STUDENT (NAME,BATCH,ID,ADDRESS,EMAIL,INSTRUCTORS_INS_ID,PAY) values ('Evelyn',2014,5719,'Adamstown','Evelyn@gmail.com',null,null);
REM INSERTING into MORDI.TAKES
SET DEFINE OFF;
Insert into MORDI.TAKES (STUDENT_ID,COURSES_ID,GPA,MID1,MID2,FINAL,ASS_QUIZZ,SECTIONS_ID) values (8972,17759,0,8,0,0,0,'A');
Insert into MORDI.TAKES (STUDENT_ID,COURSES_ID,GPA,MID1,MID2,FINAL,ASS_QUIZZ,SECTIONS_ID) values (5993,17759,0,8,0,0,0,'A');
Insert into MORDI.TAKES (STUDENT_ID,COURSES_ID,GPA,MID1,MID2,FINAL,ASS_QUIZZ,SECTIONS_ID) values (4772,17759,0,8,0,0,0,'A');
Insert into MORDI.TAKES (STUDENT_ID,COURSES_ID,GPA,MID1,MID2,FINAL,ASS_QUIZZ,SECTIONS_ID) values (4870,17759,0,7,0,0,0,'A');
Insert into MORDI.TAKES (STUDENT_ID,COURSES_ID,GPA,MID1,MID2,FINAL,ASS_QUIZZ,SECTIONS_ID) values (6091,17759,0,8,0,0,0,'A');
Insert into MORDI.TAKES (STUDENT_ID,COURSES_ID,GPA,MID1,MID2,FINAL,ASS_QUIZZ,SECTIONS_ID) values (6924,17759,0,8,0,0,0,'A');
Insert into MORDI.TAKES (STUDENT_ID,COURSES_ID,GPA,MID1,MID2,FINAL,ASS_QUIZZ,SECTIONS_ID) values (8972,71835,0,0,0,0,0,'A');
Insert into MORDI.TAKES (STUDENT_ID,COURSES_ID,GPA,MID1,MID2,FINAL,ASS_QUIZZ,SECTIONS_ID) values (8972,95359,0,0,0,0,0,'A');
REM INSERTING into MORDI.TEACHES
SET DEFINE OFF;
Insert into MORDI.TEACHES (INSTRUCTORS_INS_ID,COURSES_ID,SECTION_ID) values (827,17759,'B');
Insert into MORDI.TEACHES (INSTRUCTORS_INS_ID,COURSES_ID,SECTION_ID) values (827,71835,'A');
Insert into MORDI.TEACHES (INSTRUCTORS_INS_ID,COURSES_ID,SECTION_ID) values (827,17759,'A');
--------------------------------------------------------
--  DDL for Index ALLOTTED_PK
--------------------------------------------------------

  CREATE UNIQUE INDEX "MORDI"."ALLOTTED_PK" ON "MORDI"."ALLOTTED" ("STUDENT_ID", "SECTIONS_ID") 
  PCTFREE 10 INITRANS 2 MAXTRANS 255 COMPUTE STATISTICS 
  STORAGE(INITIAL 65536 NEXT 1048576 MINEXTENTS 1 MAXEXTENTS 2147483645
  PCTINCREASE 0 FREELISTS 1 FREELIST GROUPS 1 BUFFER_POOL DEFAULT FLASH_CACHE DEFAULT CELL_FLASH_CACHE DEFAULT)
  TABLESPACE "SYSTEM" ;
--------------------------------------------------------
--  DDL for Index COURSES_PK
--------------------------------------------------------

  CREATE UNIQUE INDEX "MORDI"."COURSES_PK" ON "MORDI"."COURSES" ("ID") 
  PCTFREE 10 INITRANS 2 MAXTRANS 255 COMPUTE STATISTICS 
  STORAGE(INITIAL 65536 NEXT 1048576 MINEXTENTS 1 MAXEXTENTS 2147483645
  PCTINCREASE 0 FREELISTS 1 FREELIST GROUPS 1 BUFFER_POOL DEFAULT FLASH_CACHE DEFAULT CELL_FLASH_CACHE DEFAULT)
  TABLESPACE "SYSTEM" ;
--------------------------------------------------------
--  DDL for Index DEPARTMENTS__IDX
--------------------------------------------------------

  CREATE UNIQUE INDEX "MORDI"."DEPARTMENTS__IDX" ON "MORDI"."DEPARTMENTS" ("INSTRUCTORS_INS_ID") 
  PCTFREE 10 INITRANS 2 MAXTRANS 255 COMPUTE STATISTICS 
  STORAGE(INITIAL 65536 NEXT 1048576 MINEXTENTS 1 MAXEXTENTS 2147483645
  PCTINCREASE 0 FREELISTS 1 FREELIST GROUPS 1 BUFFER_POOL DEFAULT FLASH_CACHE DEFAULT CELL_FLASH_CACHE DEFAULT)
  TABLESPACE "SYSTEM" ;
--------------------------------------------------------
--  DDL for Index DEPARTMENTS_PK
--------------------------------------------------------

  CREATE UNIQUE INDEX "MORDI"."DEPARTMENTS_PK" ON "MORDI"."DEPARTMENTS" ("D_CODE") 
  PCTFREE 10 INITRANS 2 MAXTRANS 255 COMPUTE STATISTICS 
  STORAGE(INITIAL 65536 NEXT 1048576 MINEXTENTS 1 MAXEXTENTS 2147483645
  PCTINCREASE 0 FREELISTS 1 FREELIST GROUPS 1 BUFFER_POOL DEFAULT FLASH_CACHE DEFAULT CELL_FLASH_CACHE DEFAULT)
  TABLESPACE "SYSTEM" ;
--------------------------------------------------------
--  DDL for Index ENROLLED_IN_PK
--------------------------------------------------------

  CREATE UNIQUE INDEX "MORDI"."ENROLLED_IN_PK" ON "MORDI"."ENROLLED_IN" ("STUDENT_ID", "SEMESTER_SEMESTER_ID") 
  PCTFREE 10 INITRANS 2 MAXTRANS 255 COMPUTE STATISTICS 
  STORAGE(INITIAL 65536 NEXT 1048576 MINEXTENTS 1 MAXEXTENTS 2147483645
  PCTINCREASE 0 FREELISTS 1 FREELIST GROUPS 1 BUFFER_POOL DEFAULT FLASH_CACHE DEFAULT CELL_FLASH_CACHE DEFAULT)
  TABLESPACE "SYSTEM" ;
--------------------------------------------------------
--  DDL for Index INSTRUCTORS_PK
--------------------------------------------------------

  CREATE UNIQUE INDEX "MORDI"."INSTRUCTORS_PK" ON "MORDI"."INSTRUCTORS" ("INS_ID") 
  PCTFREE 10 INITRANS 2 MAXTRANS 255 COMPUTE STATISTICS 
  STORAGE(INITIAL 65536 NEXT 1048576 MINEXTENTS 1 MAXEXTENTS 2147483645
  PCTINCREASE 0 FREELISTS 1 FREELIST GROUPS 1 BUFFER_POOL DEFAULT FLASH_CACHE DEFAULT CELL_FLASH_CACHE DEFAULT)
  TABLESPACE "SYSTEM" ;
--------------------------------------------------------
--  DDL for Index SYS_C007778
--------------------------------------------------------

  CREATE UNIQUE INDEX "MORDI"."SYS_C007778" ON "MORDI"."SECTIONS" ("ID", "COURSES_ID") 
  PCTFREE 10 INITRANS 2 MAXTRANS 255 COMPUTE STATISTICS 
  STORAGE(INITIAL 65536 NEXT 1048576 MINEXTENTS 1 MAXEXTENTS 2147483645
  PCTINCREASE 0 FREELISTS 1 FREELIST GROUPS 1 BUFFER_POOL DEFAULT FLASH_CACHE DEFAULT CELL_FLASH_CACHE DEFAULT)
  TABLESPACE "SYSTEM" ;
--------------------------------------------------------
--  DDL for Index SEMESTER_PK
--------------------------------------------------------

  CREATE UNIQUE INDEX "MORDI"."SEMESTER_PK" ON "MORDI"."SEMESTER" ("SEMESTER_ID") 
  PCTFREE 10 INITRANS 2 MAXTRANS 255 COMPUTE STATISTICS 
  STORAGE(INITIAL 65536 NEXT 1048576 MINEXTENTS 1 MAXEXTENTS 2147483645
  PCTINCREASE 0 FREELISTS 1 FREELIST GROUPS 1 BUFFER_POOL DEFAULT FLASH_CACHE DEFAULT CELL_FLASH_CACHE DEFAULT)
  TABLESPACE "SYSTEM" ;
--------------------------------------------------------
--  DDL for Index STUDENT_PK
--------------------------------------------------------

  CREATE UNIQUE INDEX "MORDI"."STUDENT_PK" ON "MORDI"."STUDENT" ("ID") 
  PCTFREE 10 INITRANS 2 MAXTRANS 255 COMPUTE STATISTICS 
  STORAGE(INITIAL 65536 NEXT 1048576 MINEXTENTS 1 MAXEXTENTS 2147483645
  PCTINCREASE 0 FREELISTS 1 FREELIST GROUPS 1 BUFFER_POOL DEFAULT FLASH_CACHE DEFAULT CELL_FLASH_CACHE DEFAULT)
  TABLESPACE "SYSTEM" ;
--------------------------------------------------------
--  DDL for Index SYS_C007789
--------------------------------------------------------

  CREATE UNIQUE INDEX "MORDI"."SYS_C007789" ON "MORDI"."TAKES" ("STUDENT_ID", "SECTIONS_ID", "COURSES_ID") 
  PCTFREE 10 INITRANS 2 MAXTRANS 255 COMPUTE STATISTICS 
  STORAGE(INITIAL 65536 NEXT 1048576 MINEXTENTS 1 MAXEXTENTS 2147483645
  PCTINCREASE 0 FREELISTS 1 FREELIST GROUPS 1 BUFFER_POOL DEFAULT FLASH_CACHE DEFAULT CELL_FLASH_CACHE DEFAULT)
  TABLESPACE "SYSTEM" ;
--------------------------------------------------------
--  DDL for Trigger COURSES_ID_TRIGGER
--------------------------------------------------------

  CREATE OR REPLACE TRIGGER "MORDI"."COURSES_ID_TRIGGER" 
    before insert on courses
    for each row
begin
  :new.id := courses_sequence.nextval;
  dbms_output.put_line('Evolution');
end;
/
ALTER TRIGGER "MORDI"."COURSES_ID_TRIGGER" ENABLE;
--------------------------------------------------------
--  DDL for Trigger INSTRUCTOR_ID_TRIGGER
--------------------------------------------------------

  CREATE OR REPLACE TRIGGER "MORDI"."INSTRUCTOR_ID_TRIGGER" 
    before insert on instructors
    for each row
begin
  :new.ins_id := instructor_sequence.nextval;
  dbms_output.put_line('Evolution');
end;
/
ALTER TRIGGER "MORDI"."INSTRUCTOR_ID_TRIGGER" ENABLE;
--------------------------------------------------------
--  DDL for Trigger SEMESTER_SEMESTER_ID_TRG
--------------------------------------------------------

  CREATE OR REPLACE TRIGGER "MORDI"."SEMESTER_SEMESTER_ID_TRG" BEFORE
  INSERT ON Semester FOR EACH ROW  WHEN (NEW.Semester_ID IS NULL) BEGIN :NEW.Semester_ID := Semester_Semester_ID_SEQ.NEXTVAL;
END;

/
ALTER TRIGGER "MORDI"."SEMESTER_SEMESTER_ID_TRG" ENABLE;
--------------------------------------------------------
--  DDL for Trigger SEMESTER_ID_TRIGGER
--------------------------------------------------------

  CREATE OR REPLACE TRIGGER "MORDI"."SEMESTER_ID_TRIGGER" 
    before insert on semester
    for each row
begin
  :new.semester_id := semester_sequence.nextval;
  dbms_output.put_line('Evolution');
end;
/
ALTER TRIGGER "MORDI"."SEMESTER_ID_TRIGGER" ENABLE;
--------------------------------------------------------
--  DDL for Trigger STUDENT_ID_TRIGGER
--------------------------------------------------------

  CREATE OR REPLACE TRIGGER "MORDI"."STUDENT_ID_TRIGGER" 
    before insert on student
    for each row
begin
  :new.id := student_sequence.nextval;
  dbms_output.put_line('Evolution');
end;
/
ALTER TRIGGER "MORDI"."STUDENT_ID_TRIGGER" ENABLE;
--------------------------------------------------------
--  DDL for Synonymn DBMS_OUTPUT
--------------------------------------------------------

  CREATE OR REPLACE PUBLIC SYNONYM "DBMS_OUTPUT" FOR "SYS"."DBMS_OUTPUT";
--------------------------------------------------------
--  Constraints for Table ALLOTTED
--------------------------------------------------------

  ALTER TABLE "MORDI"."ALLOTTED" ADD CONSTRAINT "ALLOTTED_PK" PRIMARY KEY ("STUDENT_ID", "SECTIONS_ID")
  USING INDEX PCTFREE 10 INITRANS 2 MAXTRANS 255 COMPUTE STATISTICS 
  STORAGE(INITIAL 65536 NEXT 1048576 MINEXTENTS 1 MAXEXTENTS 2147483645
  PCTINCREASE 0 FREELISTS 1 FREELIST GROUPS 1 BUFFER_POOL DEFAULT FLASH_CACHE DEFAULT CELL_FLASH_CACHE DEFAULT)
  TABLESPACE "SYSTEM"  ENABLE;
  ALTER TABLE "MORDI"."ALLOTTED" MODIFY ("SECTIONS_ID" NOT NULL ENABLE);
  ALTER TABLE "MORDI"."ALLOTTED" MODIFY ("STUDENT_ID" NOT NULL ENABLE);
--------------------------------------------------------
--  Constraints for Table COURSES
--------------------------------------------------------

  ALTER TABLE "MORDI"."COURSES" ADD CONSTRAINT "COURSES_PK" PRIMARY KEY ("ID")
  USING INDEX PCTFREE 10 INITRANS 2 MAXTRANS 255 COMPUTE STATISTICS 
  STORAGE(INITIAL 65536 NEXT 1048576 MINEXTENTS 1 MAXEXTENTS 2147483645
  PCTINCREASE 0 FREELISTS 1 FREELIST GROUPS 1 BUFFER_POOL DEFAULT FLASH_CACHE DEFAULT CELL_FLASH_CACHE DEFAULT)
  TABLESPACE "SYSTEM"  ENABLE;
  ALTER TABLE "MORDI"."COURSES" MODIFY ("NAME" NOT NULL ENABLE);
  ALTER TABLE "MORDI"."COURSES" MODIFY ("CREDIT_HOURS" NOT NULL ENABLE);
  ALTER TABLE "MORDI"."COURSES" MODIFY ("ID" NOT NULL ENABLE);
--------------------------------------------------------
--  Constraints for Table DEPARTMENTS
--------------------------------------------------------

  ALTER TABLE "MORDI"."DEPARTMENTS" ADD CONSTRAINT "DEPARTMENTS_PK" PRIMARY KEY ("D_CODE")
  USING INDEX PCTFREE 10 INITRANS 2 MAXTRANS 255 COMPUTE STATISTICS 
  STORAGE(INITIAL 65536 NEXT 1048576 MINEXTENTS 1 MAXEXTENTS 2147483645
  PCTINCREASE 0 FREELISTS 1 FREELIST GROUPS 1 BUFFER_POOL DEFAULT FLASH_CACHE DEFAULT CELL_FLASH_CACHE DEFAULT)
  TABLESPACE "SYSTEM"  ENABLE;
  ALTER TABLE "MORDI"."DEPARTMENTS" ADD CHECK ( ( Instructors_Ins_ID IS NULL AND Start_Date IS NULL) OR ( Instructors_Ins_ID IS NOT NULL AND Start_Date IS NOT NULL) ) ENABLE;
  ALTER TABLE "MORDI"."DEPARTMENTS" MODIFY ("D_CODE" NOT NULL ENABLE);
  ALTER TABLE "MORDI"."DEPARTMENTS" MODIFY ("D_NAME" NOT NULL ENABLE);
--------------------------------------------------------
--  Constraints for Table ENROLLED_IN
--------------------------------------------------------

  ALTER TABLE "MORDI"."ENROLLED_IN" ADD CONSTRAINT "ENROLLED_IN_PK" PRIMARY KEY ("STUDENT_ID", "SEMESTER_SEMESTER_ID")
  USING INDEX PCTFREE 10 INITRANS 2 MAXTRANS 255 COMPUTE STATISTICS 
  STORAGE(INITIAL 65536 NEXT 1048576 MINEXTENTS 1 MAXEXTENTS 2147483645
  PCTINCREASE 0 FREELISTS 1 FREELIST GROUPS 1 BUFFER_POOL DEFAULT FLASH_CACHE DEFAULT CELL_FLASH_CACHE DEFAULT)
  TABLESPACE "SYSTEM"  ENABLE;
  ALTER TABLE "MORDI"."ENROLLED_IN" MODIFY ("SEMESTER_SEMESTER_ID" NOT NULL ENABLE);
  ALTER TABLE "MORDI"."ENROLLED_IN" MODIFY ("STUDENT_ID" NOT NULL ENABLE);
--------------------------------------------------------
--  Constraints for Table INSTRUCTORS
--------------------------------------------------------

  ALTER TABLE "MORDI"."INSTRUCTORS" ADD CONSTRAINT "INSTRUCTORS_PK" PRIMARY KEY ("INS_ID")
  USING INDEX PCTFREE 10 INITRANS 2 MAXTRANS 255 COMPUTE STATISTICS 
  STORAGE(INITIAL 65536 NEXT 1048576 MINEXTENTS 1 MAXEXTENTS 2147483645
  PCTINCREASE 0 FREELISTS 1 FREELIST GROUPS 1 BUFFER_POOL DEFAULT FLASH_CACHE DEFAULT CELL_FLASH_CACHE DEFAULT)
  TABLESPACE "SYSTEM"  ENABLE;
  ALTER TABLE "MORDI"."INSTRUCTORS" ADD CHECK ( ( Departments_D_code IS NULL AND Designation IS NULL) OR ( Departments_D_code IS NOT NULL AND Designation IS NOT NULL) ) ENABLE;
  ALTER TABLE "MORDI"."INSTRUCTORS" MODIFY ("EMAIL" NOT NULL ENABLE);
  ALTER TABLE "MORDI"."INSTRUCTORS" MODIFY ("SALARY" NOT NULL ENABLE);
  ALTER TABLE "MORDI"."INSTRUCTORS" MODIFY ("START_DATE" NOT NULL ENABLE);
  ALTER TABLE "MORDI"."INSTRUCTORS" MODIFY ("INS_ID" NOT NULL ENABLE);
  ALTER TABLE "MORDI"."INSTRUCTORS" MODIFY ("NAME" NOT NULL ENABLE);
--------------------------------------------------------
--  Constraints for Table SECTIONS
--------------------------------------------------------

  ALTER TABLE "MORDI"."SECTIONS" ADD PRIMARY KEY ("ID", "COURSES_ID")
  USING INDEX PCTFREE 10 INITRANS 2 MAXTRANS 255 COMPUTE STATISTICS 
  STORAGE(INITIAL 65536 NEXT 1048576 MINEXTENTS 1 MAXEXTENTS 2147483645
  PCTINCREASE 0 FREELISTS 1 FREELIST GROUPS 1 BUFFER_POOL DEFAULT FLASH_CACHE DEFAULT CELL_FLASH_CACHE DEFAULT)
  TABLESPACE "SYSTEM"  ENABLE;
  ALTER TABLE "MORDI"."SECTIONS" MODIFY ("ID" NOT NULL ENABLE);
--------------------------------------------------------
--  Constraints for Table SEMESTER
--------------------------------------------------------

  ALTER TABLE "MORDI"."SEMESTER" ADD CONSTRAINT "SEMESTER_PK" PRIMARY KEY ("SEMESTER_ID")
  USING INDEX PCTFREE 10 INITRANS 2 MAXTRANS 255 COMPUTE STATISTICS 
  STORAGE(INITIAL 65536 NEXT 1048576 MINEXTENTS 1 MAXEXTENTS 2147483645
  PCTINCREASE 0 FREELISTS 1 FREELIST GROUPS 1 BUFFER_POOL DEFAULT FLASH_CACHE DEFAULT CELL_FLASH_CACHE DEFAULT)
  TABLESPACE "SYSTEM"  ENABLE;
  ALTER TABLE "MORDI"."SEMESTER" MODIFY ("SEMESTER_ID" NOT NULL ENABLE);
  ALTER TABLE "MORDI"."SEMESTER" MODIFY ("START_DATE" NOT NULL ENABLE);
  ALTER TABLE "MORDI"."SEMESTER" MODIFY ("NAME" NOT NULL ENABLE);
  ALTER TABLE "MORDI"."SEMESTER" MODIFY ("DURATION" NOT NULL ENABLE);
--------------------------------------------------------
--  Constraints for Table STUDENT
--------------------------------------------------------

  ALTER TABLE "MORDI"."STUDENT" ADD CONSTRAINT "STUDENT_PK" PRIMARY KEY ("ID")
  USING INDEX PCTFREE 10 INITRANS 2 MAXTRANS 255 COMPUTE STATISTICS 
  STORAGE(INITIAL 65536 NEXT 1048576 MINEXTENTS 1 MAXEXTENTS 2147483645
  PCTINCREASE 0 FREELISTS 1 FREELIST GROUPS 1 BUFFER_POOL DEFAULT FLASH_CACHE DEFAULT CELL_FLASH_CACHE DEFAULT)
  TABLESPACE "SYSTEM"  ENABLE;
  ALTER TABLE "MORDI"."STUDENT" ADD CHECK ( ( Instructors_Ins_ID IS NULL AND Pay IS NULL) OR ( Instructors_Ins_ID IS NOT NULL AND Pay IS NOT NULL) ) ENABLE;
  ALTER TABLE "MORDI"."STUDENT" MODIFY ("EMAIL" NOT NULL ENABLE);
  ALTER TABLE "MORDI"."STUDENT" MODIFY ("ID" NOT NULL ENABLE);
  ALTER TABLE "MORDI"."STUDENT" MODIFY ("BATCH" NOT NULL ENABLE);
  ALTER TABLE "MORDI"."STUDENT" MODIFY ("NAME" NOT NULL ENABLE);
--------------------------------------------------------
--  Constraints for Table TAKES
--------------------------------------------------------

  ALTER TABLE "MORDI"."TAKES" ADD PRIMARY KEY ("STUDENT_ID", "SECTIONS_ID", "COURSES_ID")
  USING INDEX PCTFREE 10 INITRANS 2 MAXTRANS 255 COMPUTE STATISTICS 
  STORAGE(INITIAL 65536 NEXT 1048576 MINEXTENTS 1 MAXEXTENTS 2147483645
  PCTINCREASE 0 FREELISTS 1 FREELIST GROUPS 1 BUFFER_POOL DEFAULT FLASH_CACHE DEFAULT CELL_FLASH_CACHE DEFAULT)
  TABLESPACE "SYSTEM"  ENABLE;
  ALTER TABLE "MORDI"."TAKES" MODIFY ("COURSES_ID" NOT NULL ENABLE);
  ALTER TABLE "MORDI"."TAKES" MODIFY ("STUDENT_ID" NOT NULL ENABLE);
--------------------------------------------------------
--  Constraints for Table TEACHES
--------------------------------------------------------

  ALTER TABLE "MORDI"."TEACHES" MODIFY ("COURSES_ID" NOT NULL ENABLE);
  ALTER TABLE "MORDI"."TEACHES" MODIFY ("INSTRUCTORS_INS_ID" NOT NULL ENABLE);
